phase,arm,n,successes,success_rate,initial_invalid,invalid_recovered,initial_provider_errors,provider_recovered,logical_calls,known_usage_calls,known_input_tokens,known_output_tokens,mean_call_time_ms,call_time_p50_ms,call_time_p95_ms
all,single_generation,192,189,0.984375,2,0,1,0,192,191,235137,274603,26394.822916666668,15464.5,105672.04999999999
all,generic_retry,192,192,1,2,2,1,1,195,194,238868,277721,26675.005208333332,15776.0,105672.04999999999
all,rule_feedback,192,192,1,2,2,1,1,195,194,238977,276490,26592.703125,15464.5,105672.04999999999
bidding,single_generation,24,24,1,0,0,0,0,24,24,19355,28548,22806.041666666668,16252.0,64631.69999999991
bidding,generic_retry,24,24,1,0,0,0,0,24,24,19355,28548,22806.041666666668,16252.0,64631.69999999991
bidding,rule_feedback,24,24,1,0,0,0,0,24,24,19355,28548,22806.041666666668,16252.0,64631.69999999991
playing,single_generation,168,165,0.9821428571428571,2,0,1,0,168,167,215782,246055,26907.505952380954,14719.5,107626.30000000002
playing,generic_retry,168,168,1,2,2,1,1,171,170,219513,249173,27227.714285714286,14940.5,107626.30000000002
playing,rule_feedback,168,168,1,2,2,1,1,171,170,219622,247942,27133.654761904763,14940.5,107626.30000000002
