phase,source_seed,arm,n,successes,calls
playing,effect-test-20260926-00,generic_retry,7,7,7
playing,effect-test-20260926-00,rule_feedback,7,7,7
playing,effect-test-20260926-01,generic_retry,7,7,8
playing,effect-test-20260926-01,rule_feedback,7,7,8
playing,effect-test-20260926-02,generic_retry,7,7,7
playing,effect-test-20260926-02,rule_feedback,7,7,7
playing,effect-test-20260926-03,generic_retry,7,7,7
playing,effect-test-20260926-03,rule_feedback,7,7,7
playing,effect-test-20260926-04,generic_retry,7,7,7
playing,effect-test-20260926-04,rule_feedback,7,7,7
playing,effect-test-20260926-05,generic_retry,7,7,7
playing,effect-test-20260926-05,rule_feedback,7,7,7
playing,effect-test-20260926-06,generic_retry,7,7,8
playing,effect-test-20260926-06,rule_feedback,7,7,8
playing,effect-test-20260926-07,generic_retry,7,7,7
playing,effect-test-20260926-07,rule_feedback,7,7,7
playing,effect-test-20260926-08,generic_retry,7,7,7
playing,effect-test-20260926-08,rule_feedback,7,7,7
playing,effect-test-20260926-09,generic_retry,7,7,7
playing,effect-test-20260926-09,rule_feedback,7,7,7
playing,effect-test-20260926-10,generic_retry,7,7,7
playing,effect-test-20260926-10,rule_feedback,7,7,7
playing,effect-test-20260926-11,generic_retry,7,7,7
playing,effect-test-20260926-11,rule_feedback,7,7,7
playing,effect-test-20260926-12,generic_retry,7,7,7
playing,effect-test-20260926-12,rule_feedback,7,7,7
playing,effect-test-20260926-13,generic_retry,7,7,7
playing,effect-test-20260926-13,rule_feedback,7,7,7
playing,effect-test-20260926-14,generic_retry,7,7,7
playing,effect-test-20260926-14,rule_feedback,7,7,7
playing,effect-test-20260926-15,generic_retry,7,7,7
playing,effect-test-20260926-15,rule_feedback,7,7,7
playing,effect-test-20260926-16,generic_retry,7,7,7
playing,effect-test-20260926-16,rule_feedback,7,7,7
playing,effect-test-20260926-17,generic_retry,7,7,7
playing,effect-test-20260926-17,rule_feedback,7,7,7
playing,effect-test-20260926-18,generic_retry,7,7,7
playing,effect-test-20260926-18,rule_feedback,7,7,7
playing,effect-test-20260926-19,generic_retry,7,7,7
playing,effect-test-20260926-19,rule_feedback,7,7,7
playing,effect-test-20260926-20,generic_retry,7,7,7
playing,effect-test-20260926-20,rule_feedback,7,7,7
playing,effect-test-20260926-21,generic_retry,7,7,7
playing,effect-test-20260926-21,rule_feedback,7,7,7
playing,effect-test-20260926-22,generic_retry,7,7,8
playing,effect-test-20260926-22,rule_feedback,7,7,8
playing,effect-test-20260926-23,generic_retry,7,7,7
playing,effect-test-20260926-23,rule_feedback,7,7,7
all,effect-test-20260926-00,generic_retry,8,8,8
all,effect-test-20260926-00,rule_feedback,8,8,8
all,effect-test-20260926-01,generic_retry,8,8,9
all,effect-test-20260926-01,rule_feedback,8,8,9
all,effect-test-20260926-02,generic_retry,8,8,8
all,effect-test-20260926-02,rule_feedback,8,8,8
all,effect-test-20260926-03,generic_retry,8,8,8
all,effect-test-20260926-03,rule_feedback,8,8,8
all,effect-test-20260926-04,generic_retry,8,8,8
all,effect-test-20260926-04,rule_feedback,8,8,8
all,effect-test-20260926-05,generic_retry,8,8,8
all,effect-test-20260926-05,rule_feedback,8,8,8
all,effect-test-20260926-06,generic_retry,8,8,9
all,effect-test-20260926-06,rule_feedback,8,8,9
all,effect-test-20260926-07,generic_retry,8,8,8
all,effect-test-20260926-07,rule_feedback,8,8,8
all,effect-test-20260926-08,generic_retry,8,8,8
all,effect-test-20260926-08,rule_feedback,8,8,8
all,effect-test-20260926-09,generic_retry,8,8,8
all,effect-test-20260926-09,rule_feedback,8,8,8
all,effect-test-20260926-10,generic_retry,8,8,8
all,effect-test-20260926-10,rule_feedback,8,8,8
all,effect-test-20260926-11,generic_retry,8,8,8
all,effect-test-20260926-11,rule_feedback,8,8,8
all,effect-test-20260926-12,generic_retry,8,8,8
all,effect-test-20260926-12,rule_feedback,8,8,8
all,effect-test-20260926-13,generic_retry,8,8,8
all,effect-test-20260926-13,rule_feedback,8,8,8
all,effect-test-20260926-14,generic_retry,8,8,8
all,effect-test-20260926-14,rule_feedback,8,8,8
all,effect-test-20260926-15,generic_retry,8,8,8
all,effect-test-20260926-15,rule_feedback,8,8,8
all,effect-test-20260926-16,generic_retry,8,8,8
all,effect-test-20260926-16,rule_feedback,8,8,8
all,effect-test-20260926-17,generic_retry,8,8,8
all,effect-test-20260926-17,rule_feedback,8,8,8
all,effect-test-20260926-18,generic_retry,8,8,8
all,effect-test-20260926-18,rule_feedback,8,8,8
all,effect-test-20260926-19,generic_retry,8,8,8
all,effect-test-20260926-19,rule_feedback,8,8,8
all,effect-test-20260926-20,generic_retry,8,8,8
all,effect-test-20260926-20,rule_feedback,8,8,8
all,effect-test-20260926-21,generic_retry,8,8,8
all,effect-test-20260926-21,rule_feedback,8,8,8
all,effect-test-20260926-22,generic_retry,8,8,9
all,effect-test-20260926-22,rule_feedback,8,8,9
all,effect-test-20260926-23,generic_retry,8,8,8
all,effect-test-20260926-23,rule_feedback,8,8,8
bidding,effect-test-20260926-00,generic_retry,1,1,1
bidding,effect-test-20260926-00,rule_feedback,1,1,1
bidding,effect-test-20260926-01,generic_retry,1,1,1
bidding,effect-test-20260926-01,rule_feedback,1,1,1
bidding,effect-test-20260926-02,generic_retry,1,1,1
bidding,effect-test-20260926-02,rule_feedback,1,1,1
bidding,effect-test-20260926-03,generic_retry,1,1,1
bidding,effect-test-20260926-03,rule_feedback,1,1,1
bidding,effect-test-20260926-04,generic_retry,1,1,1
bidding,effect-test-20260926-04,rule_feedback,1,1,1
bidding,effect-test-20260926-05,generic_retry,1,1,1
bidding,effect-test-20260926-05,rule_feedback,1,1,1
bidding,effect-test-20260926-06,generic_retry,1,1,1
bidding,effect-test-20260926-06,rule_feedback,1,1,1
bidding,effect-test-20260926-07,generic_retry,1,1,1
bidding,effect-test-20260926-07,rule_feedback,1,1,1
bidding,effect-test-20260926-08,generic_retry,1,1,1
bidding,effect-test-20260926-08,rule_feedback,1,1,1
bidding,effect-test-20260926-09,generic_retry,1,1,1
bidding,effect-test-20260926-09,rule_feedback,1,1,1
bidding,effect-test-20260926-10,generic_retry,1,1,1
bidding,effect-test-20260926-10,rule_feedback,1,1,1
bidding,effect-test-20260926-11,generic_retry,1,1,1
bidding,effect-test-20260926-11,rule_feedback,1,1,1
bidding,effect-test-20260926-12,generic_retry,1,1,1
bidding,effect-test-20260926-12,rule_feedback,1,1,1
bidding,effect-test-20260926-13,generic_retry,1,1,1
bidding,effect-test-20260926-13,rule_feedback,1,1,1
bidding,effect-test-20260926-14,generic_retry,1,1,1
bidding,effect-test-20260926-14,rule_feedback,1,1,1
bidding,effect-test-20260926-15,generic_retry,1,1,1
bidding,effect-test-20260926-15,rule_feedback,1,1,1
bidding,effect-test-20260926-16,generic_retry,1,1,1
bidding,effect-test-20260926-16,rule_feedback,1,1,1
bidding,effect-test-20260926-17,generic_retry,1,1,1
bidding,effect-test-20260926-17,rule_feedback,1,1,1
bidding,effect-test-20260926-18,generic_retry,1,1,1
bidding,effect-test-20260926-18,rule_feedback,1,1,1
bidding,effect-test-20260926-19,generic_retry,1,1,1
bidding,effect-test-20260926-19,rule_feedback,1,1,1
bidding,effect-test-20260926-20,generic_retry,1,1,1
bidding,effect-test-20260926-20,rule_feedback,1,1,1
bidding,effect-test-20260926-21,generic_retry,1,1,1
bidding,effect-test-20260926-21,rule_feedback,1,1,1
bidding,effect-test-20260926-22,generic_retry,1,1,1
bidding,effect-test-20260926-22,rule_feedback,1,1,1
bidding,effect-test-20260926-23,generic_retry,1,1,1
bidding,effect-test-20260926-23,rule_feedback,1,1,1
